{
  "project_info": {
    "project_number": "312094929921",
    "firebase_url": "https://mover-c84e9.firebaseio.com",
    "project_id": "mover-c84e9",
    "storage_bucket": "mover-c84e9.appspot.com"
  },
  "client": [
    {
      "client_info": {
        "mobilesdk_app_id": "1:312094929921:android:ce2a4c6eea1b05e3b8fc00",
        "android_client_info": {
          "package_name": "com.example.mover_f"
        }
      },
      "oauth_client": [
        {
          "client_id": "312094929921-qrlk2jm92apjls27v1h3an9pfdtno2e1.apps.googleusercontent.com",
          "client_type": 1,
          "android_info": {
            "package_name": "com.example.mover_f",
            "certificate_hash": "eef346c2a9dbafede9b99cfb090fb03e41a374bc"
          }
        },
        {
          "client_id": "312094929921-jpg6kfmo6hqakpbg7qo3qj09bi4jiehs.apps.googleusercontent.com",
          "client_type": 3
        }
      ],
      "api_key": [
        {
          "current_key": "AIzaSyDhg6zjuySQhCw4Nw4coUg3cCJBtLSaCLE"
        }
      ],
      "services": {
        "appinvite_service": {
          "other_platform_oauth_client": [
            {
              "client_id": "312094929921-jpg6kfmo6hqakpbg7qo3qj09bi4jiehs.apps.googleusercontent.com",
              "client_type": 3
            }
          ]
        }
      }
    }
  ],
  "configuration_version": "1"
}